INSERT INTO airport(code,country,lat,lng,name,place) VALUES ('POM', 'PG', -9.443380355834961, 147.22000122070312, 'Port Moresby Jacksons International Airport', 'Port Moresby'),('KEF', 'IS', 63.985001, -22.6056, 'Keflavik International Airport', 'Reykjavík'),('PRN', 'XK', 42.5728, 21.035801, 'Priština International Airport', 'Prishtina'),('YEG', 'CA', 53.309700012200004, -113.580001831, 'Edmonton International Airport', 'Edmonton'),('YHZ', 'CA', 44.8807983398, -63.5085983276, 'Halifax / Stanfield International Airport', 'Halifax'),('YOW', 'CA', 45.3224983215332, -75.66919708251953, 'Ottawa Macdonald-Cartier International Airport', 'Ottawa'),('YUL', 'CA', 45.4706001282, -73.7407989502, 'Montreal / Pierre Elliott Trudeau International Airport', 'Montréal'),('YVR', 'CA', 49.193901062, -123.183998108, 'Vancouver International Airport', 'Vancouver'),('YWG', 'CA', 49.909999847399995, -97.2398986816, 'Winnipeg / James Armstrong Richardson International Airport', 'Winnipeg'),('YYC', 'CA', 51.113899231, -114.019996643, 'Calgary International Airport', 'Calgary'),('YYJ', 'CA', 48.646900177, -123.426002502, 'Victoria International Airport', 'Victoria'),('YYT', 'CA', 47.618598938, -52.7518997192, 'St. Johns International Airport', 'St. Johns'),('YYZ', 'CA', 43.6772003174, -79.63059997559999, 'Lester B. Pearson International Airport', 'Toronto'),('ALG', 'DZ', 36.691002, 3.21541, 'Houari Boumediene Airport', 'Algiers'),('OUA', 'BF', 12.3532, -1.51242, 'Ouagadougou Airport', 'Ouagadougou'),('ACC', 'GH', 5.605189800262451, -0.16678600013256073, 'Kotoka International Airport', 'Accra'),('ABV', 'NG', 9.006790161132812, 7.263169765472412, 'Nnamdi Azikiwe International Airport', 'Abuja'),('QUO', 'NG', 4.8725, 8.093, 'Akwa Ibom International Airport', 'Uyo'),('KAN', 'NG', 12.0476, 8.52462, 'Mallam Aminu International Airport', 'Kano'),('LOS', 'NG', 6.5773701667785645, 3.321160078048706, 'Murtala Muhammed International Airport', 'Lagos'),('NIM', 'NE', 13.4815, 2.18361, 'Diori Hamani International Airport', 'Niamey'),('TUN', 'TN', 36.85100173950195, 10.22719955444336, 'Tunis Carthage International Airport', 'Tunis'),('BRU', 'BE', 50.901401519800004, 4.48443984985, 'Brussels Airport', 'Brussels'),('CRL', 'BE', 50.459202, 4.45382, 'Brussels South Charleroi Airport', 'Brussels'),('LGG', 'BE', 50.63740158081055, 5.443220138549805, 'Liège Airport', 'Liège'),('SXF', 'DE', 52.380001, 13.5225, 'Berlin-Schönefeld Airport', 'Berlin'),('DRS', 'DE', 51.1328010559082, 13.767200469970703, 'Dresden Airport', 'Dresden'),('FRA', 'DE', 50.033333, 8.570556, 'Frankfurt am Main Airport', 'Frankfurt am Main'),('FMO', 'DE', 52.134601593, 7.68483018875, 'Münster Osnabrück Airport', 'Münster'),('HAM', 'DE', 53.630401611328, 9.9882297515869, 'Hamburg Airport', 'Hamburg'),('CGN', 'DE', 50.8658981323, 7.1427397728, 'Cologne Bonn Airport', 'Cologne'),('DUS', 'DE', 51.289501, 6.76678, 'Düsseldorf Airport', 'Düsseldorf'),('MUC', 'DE', 48.353802, 11.7861, 'Munich Airport', 'Munich'),('NUE', 'DE', 49.498699, 11.078056, 'Nuremberg Airport', 'Nuremberg'),('LEJ', 'DE', 51.423889, 12.236389, 'Leipzig/Halle Airport', 'Leipzig'),('STR', 'DE', 48.689899444599995, 9.22196006775, 'Stuttgart Airport', 'Stuttgart'),('TXL', 'DE', 52.5597, 13.2877, 'Berlin-Tegel Airport', 'Berlin'),('HAJ', 'DE', 52.461101532, 9.685079574580001, 'Hannover Airport', 'Hannover'),('BRE', 'DE', 53.0475006104, 8.78666973114, 'Bremen Airport', 'Bremen'),('DTM', 'DE', 51.51829910279999, 7.61223983765, 'Dortmund Airport', 'Dortmund'),('FKB', 'DE', 48.7793998718, 8.08049964905, 'Karlsruhe Baden-Baden Airport', 'Baden-Baden'),('TLL', 'EE', 59.41329956049999, 24.832799911499997, 'Lennart Meri Tallinn Airport', 'Tallinn'),('HEL', 'FI', 60.3172, 24.963301, 'Helsinki Vantaa Airport', 'Helsinki'),('BFS', 'GB', 54.6575012207, -6.2158298492399995, 'Belfast International Airport', 'Belfast'),('BHD', 'GB', 54.618099212646484, -5.872499942779541, 'George Best Belfast City Airport', 'Belfast'),('BHX', 'GB', 52.453899383499994, -1.74802994728, 'Birmingham International Airport', 'Birmingham'),('MAN', 'GB', 53.35369873046875, -2.2749500274658203, 'Manchester Airport', 'Manchester'),('DSA', 'GB', 53.4805378105, -1.01065635681, 'Robin Hood Doncaster Sheffield Airport', 'Doncaster'),('CWL', 'GB', 51.39670181274414, -3.343329906463623, 'Cardiff International Airport', 'Cardiff'),('BRS', 'GB', 51.382702, -2.71909, 'Bristol Airport', 'Bristol'),('LPL', 'GB', 53.33359909057617, -2.849720001220703, 'Liverpool John Lennon Airport', 'Liverpool'),('LTN', 'GB', 51.874698638916016, -0.36833301186561584, 'London Luton Airport', 'London'),('BOH', 'GB', 50.779998779296875, -1.8424999713897705, 'Bournemouth Airport', 'Bournemouth'),('SOU', 'GB', 50.95029830932617, -1.3567999601364136, 'Southampton Airport', 'Southampton'),('LGW', 'GB', 51.148102, -0.190278, 'London Gatwick Airport', 'London'),('LHR', 'GB', 51.4706, -0.461941, 'London Heathrow Airport', 'London'),('LBA', 'GB', 53.86589813232422, -1.6605700254440308, 'Leeds Bradford Airport', 'Leeds'),('NCL', 'GB', 55.037498474121094, -1.6916699409484863, 'Newcastle Airport', 'Newcastle'),('EMA', 'GB', 52.8311004639, -1.32806003094, 'East Midlands Airport', 'Nottingham'),('ABZ', 'GB', 57.201900482177734, -2.197779893875122, 'Aberdeen Dyce Airport', 'Aberdeen'),('GLA', 'GB', 55.871899, -4.43306, 'Glasgow International Airport', 'Glasgow'),('EDI', 'GB', 55.95000076293945, -3.372499942779541, 'Edinburgh Airport', 'Edinburgh'),('NWI', 'GB', 52.6758003235, 1.28278005123, 'Norwich International Airport', 'Norwich'),('STN', 'GB', 51.8849983215, 0.234999999404, 'London Stansted Airport', 'London'),('EXT', 'GB', 50.73440170288086, -3.4138898849487305, 'Exeter International Airport', 'Exeter'),('LKZ', 'GB', 52.409301757799994, 0.56099998951, 'RAF Lakenheath', 'Lakenheath'),('MHZ', 'GB', 52.361900329589844, 0.48640599846839905, 'RAF Mildenhall', 'Mildenhall'),('FFD', 'GB', 51.6822013855, -1.7900300025900002, 'RAF Fairford', 'Fairford'),('BZZ', 'GB', 51.75, -1.58362, 'RAF Brize Norton', 'Brize Norton'),('AMS', 'NL', 52.308601, 4.76389, 'Amsterdam Airport Schiphol', 'Amsterdam'),('EIN', 'NL', 51.4500999451, 5.37452983856, 'Eindhoven Airport', 'Eindhoven'),('ORK', 'IE', 51.84130096435547, -8.491109848022461, 'Cork Airport', 'Cork'),('DUB', 'IE', 53.421299, -6.27007, 'Dublin Airport', 'Dublin'),('SNN', 'IE', 52.702, -8.92482, 'Shannon Airport', 'Shannon'),('BLL', 'DK', 55.7402992249, 9.15178012848, 'Billund Airport', 'Billund'),('CPH', 'DK', 55.617900848389, 12.656000137329, 'Copenhagen Kastrup Airport', 'Copenhagen'),('AAL', 'DK', 57.0927589138, 9.84924316406, 'Aalborg Airport', 'Aalborg'),('LUX', 'LU', 49.6233333, 6.2044444, 'Luxembourg-Findel International Airport', 'Luxembourg'),('BOO', 'NO', 67.26920318603516, 14.365300178527832, 'Bodø Airport', 'Bodø'),('BGO', 'NO', 60.29339981, 5.218140125, 'Bergen Airport Flesland', 'Bergen'),('OSL', 'NO', 60.193901062012, 11.100399971008, 'Oslo Gardermoen Airport', 'Oslo'),('TOS', 'NO', 69.68329620361328, 18.918899536132812, 'Tromsø Airport', 'Tromsø'),('TRD', 'NO', 63.4578018, 10.9239998, 'Trondheim Airport Værnes', 'Trondheim'),('SVG', 'NO', 58.876701354, 5.6377801895, 'Stavanger Airport Sola', 'Stavanger'),('GDN', 'PL', 54.377601623535156, 18.46619987487793, 'Gdańsk Lech Wałęsa Airport', 'Gdańsk'),('KRK', 'PL', 50.077702, 19.7848, 'Kraków John Paul II International Airport', 'Kraków'),('KTW', 'PL', 50.4743, 19.08, 'Katowice International Airport', 'Katowice'),('WMI', 'PL', 52.451099, 20.6518, 'Modlin Airport', 'Warsaw'),('POZ', 'PL', 52.421001434299995, 16.8262996674, 'Poznań-Ławica Airport', 'Poznań'),('WAW', 'PL', 52.1656990051, 20.967100143399996, 'Warsaw Chopin Airport', 'Warsaw'),('WRO', 'PL', 51.1026992798, 16.885799408, 'Copernicus Wrocław Airport', 'Wrocław'),('GOT', 'SE', 57.662799835205, 12.279800415039, 'Gothenburg-Landvetter Airport', 'Gothenburg'),('MMX', 'SE', 55.536305364, 13.376197814900001, 'Malmö Sturup Airport', 'Malmö'),('LLA', 'SE', 65.543800354004, 22.121999740601, 'Luleå Airport', 'Luleå'),('ARN', 'SE', 59.651901245117, 17.918600082397, 'Stockholm-Arlanda Airport', 'Stockholm'),('RMS', 'DE', 49.4369010925293, 7.600279808044434, 'Ramstein Air Base', 'Ramstein'),('RIX', 'LV', 56.92359924316406, 23.971099853515625, 'Riga International Airport', 'Riga'),('VNO', 'LT', 54.634102, 25.285801, 'Vilnius International Airport', 'Vilnius'),('CPT', 'ZA', -33.9648017883, 18.6016998291, 'Cape Town International Airport', 'Cape Town'),('GRJ', 'ZA', -34.0056, 22.378902, 'George Airport', 'George'),('DUR', 'ZA', -29.6144444444, 31.1197222222, 'King Shaka International Airport', 'Durban'),('JNB', 'ZA', -26.1392, 28.246, 'OR Tambo International Airport', 'Johannesburg'),('GBE', 'BW', -24.555201, 25.9182, 'Sir Seretse Khama International Airport', 'Gaborone'),('SHO', 'SZ', -26.358611, 31.716944, 'King Mswati III International Airport', ''),('MRU', 'MU', -20.430201, 57.683601, 'Sir Seewoosagur Ramgoolam International Airport', 'Port Louis'),('LUN', 'ZM', -15.3308, 28.4526, 'Kenneth Kaunda International Airport', 'Lusaka'),('TNR', 'MG', -18.7969, 47.478802, 'Ivato Airport', 'Antananarivo'),('LAD', 'AO', -8.85837, 13.2312, 'Quatro de Fevereiro Airport', 'Luanda'),('MPM', 'MZ', -25.920799, 32.572601, 'Maputo Airport', 'Maputo'),('SEZ', 'SC', -4.67434, 55.521801, 'Seychelles International Airport', 'Mahe Island'),('NDJ', 'TD', 12.1337, 15.034, 'NDjamena International Airport', 'NDjamena'),('HRE', 'ZW', -17.931801, 31.0928, 'Robert Gabriel Mugabe International Airport', 'Harare'),('WDH', 'NA', -22.4799, 17.4709, 'Hosea Kutako International Airport', 'Windhoek'),('FIH', 'CD', -4.38575, 15.4446, 'Ndjili International Airport', 'Kinshasa'),('BKO', 'ML', 12.5335, -7.94994, 'Modibo Keita International Airport', 'Bamako'),('SPC', 'ES', 28.626499, -17.7556, 'La Palma Airport', 'Sta Cruz de la Palma, La Palma Island'),('LPA', 'ES', 27.931900024414062, -15.38659954071045, 'Gran Canaria Airport', 'Gran Canaria Island'),('TFS', 'ES', 28.044500351, -16.5725002289, 'Tenerife South Airport', 'Tenerife Island'),('TFN', 'ES', 28.4827003479, -16.3414993286, 'Tenerife Norte Airport', 'Tenerife Island'),('FNA', 'SL', 8.61644, -13.1955, 'Lungi International Airport', 'Freetown'),('ROB', 'LR', 6.23379, -10.3623, 'Roberts International Airport', 'Monrovia'),('CMN', 'MA', 33.36750030517578, -7.589970111846924, 'Mohammed V International Airport', 'Casablanca'),('DSS', 'SN', 14.67, -17.073333, 'Blaise Diagne International Airport', 'Dakar'),('DKR', 'SN', 14.739700317382812, -17.49020004272461, 'Léopold Sédar Senghor International Airport', 'Dakar'),('NKC', 'MR', 18.31, -15.9697222, 'Nouakchott–Oumtounsy International Airport', 'Nouakchott'),('SID', 'CV', 16.7414, -22.9494, 'Amílcar Cabral International Airport', 'Espargos'),('ADD', 'ET', 8.97789001465, 38.799301147499996, 'Addis Ababa Bole International Airport', 'Addis Ababa'),('HGA', 'SO', 9.513207, 44.082389, 'Egal International Airport', 'Hargeisa'),('CAI', 'EG', 30.12190055847168, 31.40559959411621, 'Cairo International Airport', 'Cairo'),('HRG', 'EG', 27.178300857543945, 33.799400329589844, 'Hurghada International Airport', 'Hurghada'),('LXR', 'EG', 25.671, 32.7066, 'Luxor International Airport', 'Luxor'),('NBO', 'KE', -1.31923997402, 36.9277992249, 'Jomo Kenyatta International Airport', 'Nairobi'),('MBA', 'KE', -4.034830093383789, 39.594200134277344, 'Mombasa Moi International Airport', 'Mombasa'),('TIP', 'LY', 32.6635017395, 13.1590003967, 'Tripoli International Airport', 'Tripoli'),('KGL', 'RW', -1.96863, 30.1395, 'Kigali International Airport', 'Kigali'),('JUB', 'SS', 4.87201023102, 31.6011009216, 'Juba International Airport', 'Juba'),('KRT', 'SD', 15.589500427246094, 32.553199768066406, 'Khartoum International Airport', 'Khartoum'),('DAR', 'TZ', -6.87811, 39.202599, 'Julius Nyerere International Airport', 'Dar es Salaam'),('ZNZ', 'TZ', -6.22202, 39.224899, 'Abeid Amani Karume International Airport', 'Zanzibar'),('EBB', 'UG', 0.042386, 32.443501, 'Entebbe International Airport', 'Kampala'),('AAP', 'ID', -0.374448, 117.249392, 'Aji Pangeran Tumenggung Pranoto International Airport', 'Samarinda'),('ABQ', 'US', 35.040199, -106.609001, 'Albuquerque International Sunport', 'Albuquerque'),('ADW', 'US', 38.810799, -76.866997, 'Joint Base Andrews', 'Camp Springs'),('AFW', 'US', 32.9875984192, -97.31880187990001, 'Fort Worth Alliance Airport', 'Fort Worth'),('AGS', 'US', 33.36989974975586, -81.9645004272461, 'Augusta Regional At Bush Field', 'Augusta'),('AMA', 'US', 35.219398, -101.706001, 'Rick Husband Amarillo International Airport', 'Amarillo'),('ATL', 'US', 33.6367, -84.428101, 'Hartsfield Jackson Atlanta International Airport', 'Atlanta'),('AUS', 'US', 30.194499969482422, -97.6698989868164, 'Austin Bergstrom International Airport', 'Austin'),('AVL', 'US', 35.436199, -82.541801, 'Asheville Regional Airport', 'Asheville'),('BAB', 'US', 39.136100769, -121.43699646, 'Beale Air Force Base', 'Marysville'),('BAD', 'US', 32.5018005371, -93.6626968384, 'Barksdale Air Force Base', 'Bossier City'),('BDL', 'US', 41.9388999939, -72.68319702149999, 'Bradley International Airport', 'Hartford'),('BFI', 'US', 47.529998779296875, -122.302001953125, 'Boeing Field King County International Airport', 'Seattle'),('BGR', 'US', 44.80739974975586, -68.8281021118164, 'Bangor International Airport', 'Bangor'),('BHM', 'US', 33.56290054, -86.75350189, 'Birmingham-Shuttlesworth International Airport', 'Birmingham'),('BIL', 'US', 45.807701110839844, -108.54299926757812, 'Billings Logan International Airport', 'Billings'),('BLV', 'US', 38.5452, -89.835197, 'Scott AFB/Midamerica Airport', 'Belleville'),('BMI', 'US', 40.47710037, -88.91590118, 'Central Illinois Regional Airport at Bloomington-Normal', 'Bloomington/Normal'),('BNA', 'US', 36.1245002746582, -86.6781997680664, 'Nashville International Airport', 'Nashville'),('BOI', 'US', 43.5644, -116.223, 'Boise Air Terminal/Gowen Field', 'Boise'),('BOS', 'US', 42.36429977, -71.00520325, 'General Edward Lawrence Logan International Airport', 'Boston'),('BUF', 'US', 42.94049835, -78.73220062, 'Buffalo Niagara International Airport', 'Buffalo'),('BWI', 'US', 39.1754, -76.668297, 'Baltimore/Washington International Thurgood Marshall Airport', 'Baltimore'),('CAE', 'US', 33.93880081176758, -81.11949920654297, 'Columbia Metropolitan Airport', 'Columbia'),('CBM', 'US', 33.6437988281, -88.44380187990001, 'Columbus Air Force Base', 'Columbus'),('CHA', 'US', 35.035301208496094, -85.20379638671875, 'Lovell Field', 'Chattanooga'),('CHS', 'US', 32.89860153, -80.04049683, 'Charleston Air Force Base-International Airport', 'Charleston'),('CID', 'US', 41.884700775146484, -91.71080017089844, 'The Eastern Iowa Airport', 'Cedar Rapids'),('CLE', 'US', 41.4117012024, -81.8498001099, 'Cleveland Hopkins International Airport', 'Cleveland'),('CLT', 'US', 35.2140007019043, -80.94309997558594, 'Charlotte Douglas International Airport', 'Charlotte'),('CMH', 'US', 39.998001, -82.891899, 'John Glenn Columbus International Airport', 'Columbus'),('COS', 'US', 38.805801, -104.700996, 'City of Colorado Springs Municipal Airport', 'Colorado Springs'),('CRP', 'US', 27.77039909362793, -97.5011978149414, 'Corpus Christi International Airport', 'Corpus Christi'),('CRW', 'US', 38.37310028076172, -81.59320068359375, 'Yeager Airport', 'Charleston'),('CVG', 'US', 39.048801, -84.667801, 'Cincinnati Northern Kentucky International Airport', 'Cincinnati / Covington'),('CVS', 'US', 34.3828010559, -103.321998596, 'Cannon Air Force Base', 'Clovis'),('DAB', 'US', 29.179899, -81.058098, 'Daytona Beach International Airport', 'Daytona Beach'),('DAL', 'US', 32.847099, -96.851799, 'Dallas Love Field', 'Dallas'),('DAY', 'US', 39.902400970458984, -84.21939849853516, 'James M Cox Dayton International Airport', 'Dayton'),('DBQ', 'US', 42.40200043, -90.70950317, 'Dubuque Regional Airport', 'Dubuque'),('DCA', 'US', 38.8521, -77.037697, 'Ronald Reagan Washington National Airport', 'Washington'),('DEN', 'US', 39.861698150635, -104.672996521, 'Denver International Airport', 'Denver'),('DFW', 'US', 32.896801, -97.038002, 'Dallas Fort Worth International Airport', 'Dallas-Fort Worth'),('DLF', 'US', 29.359501, -100.778002, 'DLF Airport', 'Del Rio'),('DLH', 'US', 46.8420982361, -92.19360351559999, 'Duluth International Airport', 'Duluth'),('DOV', 'US', 39.12950134, -75.46600342, 'Dover Air Force Base', 'Dover'),('DSM', 'US', 41.534000396728516, -93.66310119628906, 'Des Moines International Airport', 'Des Moines'),('DTW', 'US', 42.212398529052734, -83.35340118408203, 'Detroit Metropolitan Wayne County Airport', 'Detroit'),('DYS', 'US', 32.4207992554, -99.854598999, 'Dyess Air Force Base', 'Abilene'),('EDW', 'US', 34.905399, -117.884003, 'Edwards Air Force Base', 'Edwards'),('END', 'US', 36.339199066199996, -97.9164962769, 'Vance Air Force Base', 'Enid'),('ERI', 'US', 42.0831270134, -80.1738667488, 'Erie International Tom Ridge Field', 'Erie'),('EWR', 'US', 40.692501068115234, -74.168701171875, 'Newark Liberty International Airport', 'Newark'),('FFO', 'US', 39.8260993958, -84.0483016968, 'Wright-Patterson Air Force Base', 'Dayton'),('FLL', 'US', 26.072599, -80.152702, 'Fort Lauderdale Hollywood International Airport', 'Fort Lauderdale'),('FSM', 'US', 35.33660125732422, -94.36740112304688, 'Fort Smith Regional Airport', 'Fort Smith'),('FTW', 'US', 32.819801, -97.362396, 'Fort Worth Meacham International Airport', 'Fort Worth'),('FWA', 'US', 40.97850037, -85.19509888, 'Fort Wayne International Airport', 'Fort Wayne'),('GEG', 'US', 47.61989974975586, -117.53399658203125, 'Spokane International Airport', 'Spokane'),('GPT', 'US', 30.40730094909668, -89.07009887695312, 'Gulfport Biloxi International Airport', 'Gulfport'),('GRB', 'US', 44.48509979248047, -88.12960052490234, 'Austin Straubel International Airport', 'Green Bay'),('GSB', 'US', 35.33940125, -77.96060181, 'Seymour Johnson Air Force Base', 'Goldsboro'),('GSO', 'US', 36.097801208496094, -79.93730163574219, 'Piedmont Triad International Airport', 'Greensboro'),('GSP', 'US', 34.8956985474, -82.2189025879, 'Greenville Spartanburg International Airport', 'Greenville'),('GUS', 'US', 40.648101806599996, -86.1520996094, 'Grissom Air Reserve Base', 'Peru'),('HIB', 'US', 47.38660049, -92.83899689, 'Range Regional Airport', 'Hibbing'),('HMN', 'US', 32.8525009155, -106.107002258, 'Holloman Air Force Base', 'Alamogordo'),('HOU', 'US', 29.64539909, -95.27890015, 'William P Hobby Airport', 'Houston'),('HSV', 'US', 34.637199401855, -86.775100708008, 'Huntsville International Carl T Jones Field', 'Huntsville'),('HTS', 'US', 38.36669922, -82.55799866, 'Tri-State/Milton J. Ferguson Field', 'Huntington'),('IAD', 'US', 38.94449997, -77.45580292, 'Washington Dulles International Airport', 'Washington'),('IAH', 'US', 29.984399795532227, -95.34140014648438, 'George Bush Intercontinental Houston Airport', 'Houston'),('ICT', 'US', 37.649899, -97.433098, 'Wichita Eisenhower National Airport', 'Wichita'),('IND', 'US', 39.7173, -86.294403, 'Indianapolis International Airport', 'Indianapolis'),('JAN', 'US', 32.3111991882, -90.0758972168, 'Jackson-Medgar Wiley Evers International Airport', 'Jackson'),('JAX', 'US', 30.49410057067871, -81.68789672851562, 'Jacksonville International Airport', 'Jacksonville'),('JFK', 'US', 40.639801, -73.7789, 'John F Kennedy International Airport', 'New York'),('JLN', 'US', 37.151798248291016, -94.49829864501953, 'Joplin Regional Airport', 'Joplin'),('LAS', 'US', 36.08010101, -115.1520004, 'McCarran International Airport', 'Las Vegas'),('LAX', 'US', 33.942501, -118.407997, 'Los Angeles International Airport', 'Los Angeles'),('LBB', 'US', 33.663601, -101.822998, 'Lubbock Preston Smith International Airport', 'Lubbock'),('LCK', 'US', 39.813801, -82.927803, 'Rickenbacker International Airport', 'Columbus'),('LEX', 'US', 38.0364990234375, -84.60590362548828, 'Blue Grass Airport', 'Lexington'),('LFI', 'US', 37.082901001, -76.360496521, 'Langley Air Force Base', 'Hampton'),('LFT', 'US', 30.20529938, -91.98760223, 'Lafayette Regional Airport', 'Lafayette'),('LGA', 'US', 40.777199, -73.872597, 'La Guardia Airport', 'New York'),('LIT', 'US', 34.729400634799994, -92.2242965698, 'Bill & Hillary Clinton National Airport/Adams Field', 'Little Rock'),('LTS', 'US', 34.667098999, -99.2667007446, 'Altus Air Force Base', 'Altus'),('LUF', 'US', 33.534999847399995, -112.383003235, 'Luke Air Force Base', 'Glendale'),('MBS', 'US', 43.532901763916016, -84.07959747314453, 'MBS International Airport', 'Saginaw'),('MCF', 'US', 27.84930038, -82.52120209, 'Mac Dill Air Force Base', 'Tampa'),('MCI', 'US', 39.2976, -94.713898, 'Kansas City International Airport', 'Kansas City'),('MCO', 'US', 28.429399490356445, -81.30899810791016, 'Orlando International Airport', 'Orlando'),('MDW', 'US', 41.785999, -87.752403, 'Chicago Midway International Airport', 'Chicago'),('MEM', 'US', 35.04240036010742, -89.97669982910156, 'Memphis International Airport', 'Memphis'),('MGE', 'US', 33.91540146, -84.51629639, 'Dobbins Air Reserve Base', 'Marietta'),('MGM', 'US', 32.30059814, -86.39399719, 'Montgomery Regional (Dannelly Field) Airport', 'Montgomery'),('MHT', 'US', 42.932598, -71.435699, 'Manchester-Boston Regional Airport', 'Manchester'),('MIA', 'US', 25.79319953918457, -80.29060363769531, 'Miami International Airport', 'Miami'),('MKE', 'US', 42.947200775146484, -87.89659881591797, 'General Mitchell International Airport', 'Milwaukee'),('MLI', 'US', 41.44850158691406, -90.50749969482422, 'Quad City International Airport', 'Moline'),('MLU', 'US', 32.51089859008789, -92.0376968383789, 'Monroe Regional Airport', 'Monroe'),('MOB', 'US', 30.691200256348, -88.242797851562, 'Mobile Regional Airport', 'Mobile'),('MSN', 'US', 43.13990020751953, -89.3375015258789, 'Dane County Regional Truax Field', 'Madison'),('MSP', 'US', 44.882, -93.221802, 'Minneapolis-St Paul International/Wold-Chamberlain Airport', 'Minneapolis'),('MSY', 'US', 29.99340057373047, -90.25800323486328, 'Louis Armstrong New Orleans International Airport', 'New Orleans'),('MUO', 'US', 43.043598, -115.872002, 'Mountain Home Air Force Base', 'Mountain Home'),('OAK', 'US', 37.721298, -122.221001, 'Metropolitan Oakland International Airport', 'Oakland'),('OKC', 'US', 35.39310073852539, -97.60070037841797, 'Will Rogers World Airport', 'Oklahoma City'),('OMA', 'US', 41.3032, -95.894096, 'Eppley Airfield', 'Omaha'),('ONT', 'US', 34.055999755859375, -117.60099792480469, 'Ontario International Airport', 'Ontario'),('ORD', 'US', 41.9786, -87.9048, 'Chicago OHare International Airport', 'Chicago'),('ORF', 'US', 36.89459991455078, -76.20120239257812, 'Norfolk International Airport', 'Norfolk'),('PAM', 'US', 30.0695991516, -85.57540130619999, 'Tyndall Air Force Base', 'Panama City'),('PBI', 'US', 26.68320083618164, -80.09559631347656, 'Palm Beach International Airport', 'West Palm Beach'),('PDX', 'US', 45.58869934, -122.5979996, 'Portland International Airport', 'Portland'),('PHF', 'US', 37.13190079, -76.49299622, 'Newport News Williamsburg International Airport', 'Newport News'),('PHL', 'US', 39.87189865112305, -75.24109649658203, 'Philadelphia International Airport', 'Philadelphia'),('PHX', 'US', 33.43429946899414, -112.01200103759766, 'Phoenix Sky Harbor International Airport', 'Phoenix'),('PIA', 'US', 40.664199829100006, -89.6932983398, 'General Wayne A. Downing Peoria International Airport', 'Peoria'),('PIT', 'US', 40.49150085, -80.23290253, 'Pittsburgh International Airport', 'Pittsburgh'),('PVD', 'US', 41.732601, -71.420403, 'Theodore Francis Green State Airport', 'Providence'),('PWM', 'US', 43.646198, -70.309303, 'Portland International Jetport', 'Portland'),('RDU', 'US', 35.877601623535156, -78.7874984741211, 'Raleigh Durham International Airport', 'Raleigh/Durham'),('RFD', 'US', 42.19540023803711, -89.09719848632812, 'Chicago Rockford International Airport', 'Chicago/Rockford'),('RIC', 'US', 37.50519943237305, -77.3197021484375, 'Richmond International Airport', 'Richmond'),('RND', 'US', 29.52969933, -98.27890015, 'Randolph Air Force Base', 'Universal City'),('RNO', 'US', 39.49909973144531, -119.76799774169922, 'Reno Tahoe International Airport', 'Reno'),('ROA', 'US', 37.3255, -79.975403, 'Roanoke–Blacksburg Regional Airport', 'Roanoke'),('ROC', 'US', 43.118900299072266, -77.67240142822266, 'Greater Rochester International Airport', 'Rochester'),('RST', 'US', 43.90829849243164, -92.5, 'Rochester International Airport', 'Rochester'),('RSW', 'US', 26.53619956970215, -81.75520324707031, 'Southwest Florida International Airport', 'Fort Myers'),('SAN', 'US', 32.7336006165, -117.190002441, 'San Diego International Airport', 'San Diego'),('SAT', 'US', 29.533701, -98.469803, 'San Antonio International Airport', 'San Antonio'),('SAV', 'US', 32.12760162, -81.20210266, 'Savannah Hilton Head International Airport', 'Savannah'),('SBN', 'US', 41.70869827270508, -86.31729888916016, 'South Bend Regional Airport', 'South Bend'),('SDF', 'US', 38.1744, -85.736, 'Louisville Muhammad Ali International Airport', 'Louisville'),('SEA', 'US', 47.449001, -122.308998, 'Seattle Tacoma International Airport', 'Seattle'),('SFB', 'US', 28.777599334716797, -81.23750305175781, 'Orlando Sanford International Airport', 'Orlando'),('SFO', 'US', 37.61899948120117, -122.375, 'San Francisco International Airport', 'San Francisco'),('SGF', 'US', 37.24570084, -93.38860321, 'Springfield Branson National Airport', 'Springfield'),('SJC', 'US', 37.362598, -121.929001, 'Norman Y. Mineta San Jose International Airport', 'San Jose'),('SKA', 'US', 47.6151008606, -117.65599823, 'Fairchild Air Force Base', 'Spokane'),('SLC', 'US', 40.78839874267578, -111.97799682617188, 'Salt Lake City International Airport', 'Salt Lake City'),('SMF', 'US', 38.69540023803711, -121.59100341796875, 'Sacramento International Airport', 'Sacramento'),('SNA', 'US', 33.67570114, -117.8679962, 'John Wayne Airport-Orange County Airport', 'Santa Ana'),('SPI', 'US', 39.84410095, -89.67790222, 'Abraham Lincoln Capital Airport', 'Springfield'),('SPS', 'US', 33.9888, -98.491898, 'Sheppard Air Force Base-Wichita Falls Municipal Airport', 'Wichita Falls'),('SRQ', 'US', 27.39539909362793, -82.55439758300781, 'Sarasota Bradenton International Airport', 'Sarasota/Bradenton'),('SSC', 'US', 33.97269821, -80.47059631, 'Shaw Air Force Base', 'Sumter'),('STL', 'US', 38.748697, -90.370003, 'St Louis Lambert International Airport', 'St Louis'),('SUS', 'US', 38.662101745605, -90.652000427246, 'Spirit of St Louis Airport', 'St Louis'),('SUU', 'US', 38.262699127197, -121.92700195312, 'Travis Air Force Base', 'Fairfield'),('SUX', 'US', 42.402599, -96.384399, 'Sioux Gateway Airport/Brigadier General Bud Day Field', 'Sioux City'),('SYR', 'US', 43.11119842529297, -76.1063003540039, 'Syracuse Hancock International Airport', 'Syracuse'),('SZL', 'US', 38.73030090332, -93.547897338867, 'Whiteman Air Force Base', 'Knob Noster'),('TCM', 'US', 47.1376991272, -122.475997925, 'McChord Air Force Base', 'Tacoma'),('TIK', 'US', 35.414699554443, -97.386596679688, 'Tinker Air Force Base', 'Oklahoma City'),('TLH', 'US', 30.396499633789062, -84.35030364990234, 'Tallahassee Regional Airport', 'Tallahassee'),('TOL', 'US', 41.58679962, -83.80780029, 'Toledo Express Airport', 'Toledo'),('TPA', 'US', 27.975500106811523, -82.533203125, 'Tampa International Airport', 'Tampa'),('TRI', 'US', 36.475201, -82.407401, 'Tri-Cities Regional TN/VA Airport', 'Bristol/Johnson/Kingsport'),('TUL', 'US', 36.19839859008789, -95.88809967041016, 'Tulsa International Airport', 'Tulsa'),('TUS', 'US', 32.115004, -110.938053, 'Tucson International Airport / Morris Air National Guard Base', 'Tucson'),('TYS', 'US', 35.81100082, -83.9940033, 'McGhee Tyson Airport', 'Knoxville'),('VBG', 'US', 34.7373008728, -120.583999634, 'Vandenberg Air Force Base', 'Lompoc'),('VPS', 'US', 30.4832, -86.525398, 'Destin-Ft Walton Beach Airport', 'Valparaiso'),('WRB', 'US', 32.6400985718, -83.5919036865, 'Robins Air Force Base', 'Warner Robins'),('TIA', 'AL', 41.4146995544, 19.7206001282, 'Tirana International Airport Mother Teresa', 'Tirana'),('BOJ', 'BG', 42.56959915161133, 27.515199661254883, 'Burgas Airport', 'Burgas'),('SOF', 'BG', 42.696693420410156, 23.411436080932617, 'Sofia Airport', 'Sofia'),('VAR', 'BG', 43.232101, 27.8251, 'Varna Airport', 'Varna'),('LCA', 'CY', 34.875099182128906, 33.624900817871094, 'Larnaca International Airport', 'Larnarca'),('PFO', 'CY', 34.71799850463867, 32.48569869995117, 'Paphos International Airport', 'Paphos'),('AKT', 'GB', 34.590401, 32.9879, 'RAF Akrotiri', 'Akrotiri'),('ZAG', 'HR', 45.7429008484, 16.0687999725, 'Zagreb Airport', 'Zagreb'),('ALC', 'ES', 38.28219985961914, -0.5581560134887695, 'Alicante International Airport', 'Alicante'),('BCN', 'ES', 41.2971, 2.07846, 'Barcelona International Airport', 'Barcelona'),('MAD', 'ES', 40.471926, -3.56264, 'Adolfo Suárez Madrid–Barajas Airport', 'Madrid'),('AGP', 'ES', 36.67490005493164, -4.499110221862793, 'Málaga Airport', 'Málaga'),('PMI', 'ES', 39.551700592, 2.73881006241, 'Palma De Mallorca Airport', 'Palma De Mallorca'),('SCQ', 'ES', 42.89630126953125, -8.415140151977539, 'Santiago de Compostela Airport', 'Santiago de Compostela'),('BOD', 'FR', 44.828300476100004, -0.715556025505, 'Bordeaux-Mérignac Airport', 'Bordeaux/Mérignac'),('TLS', 'FR', 43.629101, 1.36382, 'Toulouse-Blagnac Airport', 'Toulouse/Blagnac'),('LYS', 'FR', 45.725556, 5.081111, 'Lyon Saint-Exupéry Airport', 'Lyon'),('MRS', 'FR', 43.439271922, 5.22142410278, 'Marseille Provence Airport', 'Marseille'),('NCE', 'FR', 43.6584014893, 7.215869903560001, 'Nice-Côte dAzur Airport', 'Nice'),('CDG', 'FR', 49.012798, 2.55, 'Charles de Gaulle International Airport', 'Paris'),('ORY', 'FR', 48.7233333, 2.3794444, 'Paris-Orly Airport', 'Paris'),('BSL', 'FR', 47.59, 7.529167, 'EuroAirport Basel-Mulhouse-Freiburg Airport', 'Bâle/Mulhouse'),('ATH', 'GR', 37.9364013672, 23.9444999695, 'Eleftherios Venizelos International Airport', 'Athens'),('HER', 'GR', 35.3396987915, 25.180299758900002, 'Heraklion International Nikos Kazantzakis Airport', 'Heraklion'),('SKG', 'GR', 40.51969909667969, 22.97089958190918, 'Thessaloniki Macedonia International Airport', 'Thessaloniki'),('BUD', 'HU', 47.42976, 19.261093, 'Budapest Liszt Ferenc International Airport', 'Budapest'),('BRI', 'IT', 41.138901, 16.760599, 'Bari Karol Wojtyła Airport', 'Bari'),('CTA', 'IT', 37.466801, 15.0664, 'Catania-Fontanarossa Airport', 'Catania'),('PMO', 'IT', 38.175999, 13.091, 'Falcone–Borsellino Airport', 'Palermo'),('CAG', 'IT', 39.251499, 9.05428, 'Cagliari Elmas Airport', 'Cagliari'),('MXP', 'IT', 45.6306, 8.72811, 'Malpensa International Airport', 'Milan'),('BGY', 'IT', 45.673901, 9.70417, 'Milan Bergamo Airport', 'Bergamo'),('TRN', 'IT', 45.200802, 7.64963, 'Turin Airport', 'Torino'),('GOA', 'IT', 44.4133, 8.8375, 'Genoa Cristoforo Colombo Airport', 'Genova'),('LIN', 'IT', 45.445099, 9.27674, 'Milano Linate Airport', 'Milan'),('BLQ', 'IT', 44.5354, 11.2887, 'Bologna Guglielmo Marconi Airport', 'Bologna'),('TSF', 'IT', 45.648399, 12.1944, 'Treviso-SantAngelo Airport', 'Treviso'),('VRN', 'IT', 45.395699, 10.8885, 'Verona Villafranca Airport', 'Verona'),('VCE', 'IT', 45.505299, 12.3519, 'Venice Marco Polo Airport', 'Venice'),('CIA', 'IT', 41.7994, 12.5949, 'Ciampino–G. B. Pastine International Airport', 'Rome'),('FCO', 'IT', 41.8002778, 12.2388889, 'Leonardo da Vinci–Fiumicino Airport', 'Rome'),('NAP', 'IT', 40.886002, 14.2908, 'Naples International Airport', 'Nápoli'),('PSA', 'IT', 43.683899, 10.3927, 'Pisa International Airport', 'Pisa'),('LJU', 'SI', 46.223701, 14.4576, 'Ljubljana Jože Pučnik Airport', 'Ljubljana'),('PRG', 'CZ', 50.1008, 14.26, 'Václav Havel Airport Prague', 'Prague'),('TLV', 'IL', 32.01139831542969, 34.88669967651367, 'Ben Gurion International Airport', 'Tel Aviv'),('ETM', 'IL', 29.723694, 35.011416, 'Ramon Airport', 'Eilat'),('MLA', 'MT', 35.857498, 14.4775, 'Malta International Airport', 'Valletta'),('VIE', 'AT', 48.110298156738, 16.569700241089, 'Vienna International Airport', 'Vienna'),('FAO', 'PT', 37.0144004822, -7.96590995789, 'Faro Airport', 'Faro'),('TER', 'PT', 38.761799, -27.090799, 'Lajes Airport', 'Praia da Vitória'),('PDL', 'PT', 37.7411994934, -25.6979007721, 'João Paulo II Airport', 'Ponta Delgada'),('OPO', 'PT', 41.2481002808, -8.68138980865, 'Francisco de Sá Carneiro Airport', 'Porto'),('LIS', 'PT', 38.7813, -9.13592, 'Humberto Delgado Airport (Lisbon Portela Airport)', 'Lisbon'),('SJJ', 'BA', 43.82460021972656, 18.331499099731445, 'Sarajevo International Airport', 'Sarajevo'),('OTP', 'RO', 44.5711111, 26.085, 'Henri Coandă International Airport', 'Bucharest'),('GVA', 'CH', 46.23809814453125, 6.108950138092041, 'Geneva Cointrin International Airport', 'Geneva'),('ZRH', 'CH', 47.464699, 8.54917, 'Zürich Airport', 'Zurich'),('ESB', 'TR', 40.128101348899996, 32.995098114, 'Esenboğa International Airport', 'Ankara'),('ADA', 'TR', 36.9822006226, 35.280399322499996, 'Adana Airport', 'Adana'),('AYT', 'TR', 36.898701, 30.800501, 'Antalya International Airport', 'Antalya'),('GZT', 'TR', 36.9472007751, 37.4786987305, 'Gaziantep International Airport', 'Gaziantep'),('ADB', 'TR', 38.2924003601, 27.156999588, 'Adnan Menderes International Airport', 'İzmir'),('DLM', 'TR', 36.7131004333, 28.7924995422, 'Dalaman International Airport', 'Dalaman'),('ERZ', 'TR', 39.9565010071, 41.17020034789999, 'Erzurum International Airport', 'Erzurum'),('TZX', 'TR', 40.99509811401367, 39.78969955444336, 'Trabzon International Airport', 'Trabzon'),('ISE', 'TR', 37.8554000854, 30.368400573699997, 'Süleyman Demirel International Airport', 'Isparta'),('BJV', 'TR', 37.25059890749999, 27.6643009186, 'Milas Bodrum International Airport', 'Bodrum'),('SAW', 'TR', 40.898602, 29.3092, 'Istanbul Sabiha Gökçen International Airport', 'Istanbul'),('IST', 'TR', 41.261297, 28.741951, 'Istanbul Airport', 'Istanbul'),('SKP', 'MK', 41.961601, 21.621401, 'Skopje International Airport', 'Skopje'),('BEG', 'RS', 44.8184013367, 20.3090991974, 'Belgrade Nikola Tesla Airport', 'Belgrade'),('TGD', 'ME', 42.359402, 19.2519, 'Podgorica Airport', 'Podgorica'),('BTS', 'SK', 48.17020034790039, 17.21269989013672, 'M. R. Štefánik Airport', 'Bratislava'),('PUJ', 'DO', 18.567399978599997, -68.36340332030001, 'Punta Cana International Airport', 'Punta Cana'),('SDQ', 'DO', 18.42970085144, -69.668899536133, 'Las Américas International Airport', 'Santo Domingo'),('GUA', 'GT', 14.5833, -90.527496, 'La Aurora Airport', 'Guatemala City'),('KIN', 'JM', 17.935699462890625, -76.7874984741211, 'Norman Manley International Airport', 'Kingston'),('ACA', 'MX', 16.757099151611328, -99.75399780273438, 'General Juan N Alvarez International Airport', 'Acapulco'),('GDL', 'MX', 20.521799087524414, -103.31099700927734, 'Don Miguel Hidalgo Y Costilla International Airport', 'Guadalajara'),('HMO', 'MX', 29.095899581900003, -111.047996521, 'General Ignacio P. Garcia International Airport', 'Hermosillo'),('MEX', 'MX', 19.4363, -99.072098, 'Licenciado Benito Juarez International Airport', 'Mexico City'),('MTY', 'MX', 25.7784996033, -100.107002258, 'General Mariano Escobedo International Airport', 'Monterrey'),('PVR', 'MX', 20.680099487304688, -105.25399780273438, 'Licenciado Gustavo Díaz Ordaz International Airport', 'Puerto Vallarta'),('SJD', 'MX', 23.15180015563965, -109.72100067138672, 'Los Cabos International Airport', 'San José del Cabo'),('TIJ', 'MX', 32.541099548339844, -116.97000122070312, 'General Abelardo L. Rodríguez International Airport', 'Tijuana'),('CUN', 'MX', 21.036500930800003, -86.8770980835, 'Cancún International Airport', 'Cancún'),('PTY', 'PA', 9.0713596344, -79.3834991455, 'Tocumen International Airport', 'Tocumen'),('LIR', 'CR', 10.5933, -85.544403, 'Daniel Oduber Quiros International Airport', 'Liberia'),('SAL', 'SV', 13.4409, -89.055702, 'Monseñor Óscar Arnulfo Romero International Airport', 'San Salvador (San Luis Talpa)'),('HAV', 'CU', 22.989200592041016, -82.40910339355469, 'José Martí International Airport', 'Havana'),('VRA', 'CU', 23.034400939941406, -81.435302734375, 'Juan Gualberto Gomez International Airport', 'Varadero'),('GCM', 'KY', 19.292800903299998, -81.3576965332, 'Owen Roberts International Airport', 'Georgetown'),('NAS', 'BS', 25.039, -77.466202, 'Lynden Pindling International Airport', 'Nassau'),('BZE', 'BZ', 17.539100646972656, -88.30819702148438, 'Philip S. W. Goldson International Airport', 'Belize City'),('RAR', 'CK', -21.2026996613, -159.805999756, 'Rarotonga International Airport', 'Avarua'),('PPT', 'PF', -17.553699, -149.606995, 'Faaa International Airport', 'Papeete'),('AKL', 'NZ', -37.008098602299995, 174.792007446, 'Auckland International Airport', 'Auckland'),('CHC', 'NZ', -43.48939895629883, 172.53199768066406, 'Christchurch International Airport', 'Christchurch'),('WLG', 'NZ', -41.3272018433, 174.804992676, 'Wellington International Airport', 'Wellington'),('BAH', 'BH', 26.27079963684082, 50.63359832763672, 'Bahrain International Airport', 'Manama'),('DMM', 'SA', 26.471200942993164, 49.79790115356445, 'King Fahd International Airport', 'Ad Dammam'),('DHA', 'SA', 26.265399932900003, 50.152000427199994, 'King Abdulaziz Air Base', ''),('JED', 'SA', 21.6796, 39.156502, 'King Abdulaziz International Airport', 'Jeddah'),('MED', 'SA', 24.5534, 39.705101, 'Prince Mohammad Bin Abdulaziz Airport', 'Medina'),('RUH', 'SA', 24.957599639892578, 46.69879913330078, 'King Khaled International Airport', 'Riyadh'),('IKA', 'IR', 35.416099548339844, 51.152198791503906, 'Imam Khomeini International Airport', 'Tehran'),('THR', 'IR', 35.68920135498047, 51.31340026855469, 'Mehrabad International Airport', 'Tehran'),('MHD', 'IR', 36.235198974609375, 59.64099884033203, 'Mashhad International Airport', 'Mashhad'),('SYZ', 'IR', 29.5392, 52.589802, 'Shiraz Shahid Dastghaib International Airport', 'Shiraz'),('TBZ', 'IR', 38.1338996887207, 46.23500061035156, 'Tabriz International Airport', 'Tabriz'),('AMM', 'JO', 31.7226009369, 35.9931983948, 'Queen Alia International Airport', 'Amman'),('KWI', 'KW', 29.226600646972656, 47.96889877319336, 'Kuwait International Airport', 'Kuwait City'),('BEY', 'LB', 33.820899963378906, 35.488399505615234, 'Beirut Rafic Hariri International Airport', 'Beirut'),('DQM', 'OM', 19.501944, 57.634167, 'Duqm International Airport', 'Duqm'),('MNH', 'OM', 23.640556, 57.4875, 'Mussanah Airport', 'Al Masnaah'),('AUH', 'AE', 24.433000564575195, 54.651100158691406, 'Abu Dhabi International Airport', 'Abu Dhabi'),('DXB', 'AE', 25.2527999878, 55.3643989563, 'Dubai International Airport', 'Dubai'),('DWC', 'AE', 24.896356, 55.161389, 'Al Maktoum International Airport', 'Jebel Ali'),('SHJ', 'AE', 25.32859992980957, 55.5172004699707, 'Sharjah International Airport', 'Sharjah'),('MCT', 'OM', 23.593299865722656, 58.284400939941406, 'Muscat International Airport', 'Muscat'),('ISB', 'PK', 33.549, 72.82566, 'Islamabad International Airport', 'Islamabad'),('SKT', 'PK', 32.5355567932, 74.3638916016, 'Sialkot Airport', 'Sialkot'),('BGW', 'IQ', 33.262500762900004, 44.2346000671, 'Baghdad International Airport', 'Baghdad'),('BSR', 'IQ', 30.549100875854492, 47.66210174560547, 'Basrah International Airport', 'Basrah'),('ALP', 'SY', 36.18069839477539, 37.22439956665039, 'Aleppo International Airport', 'Aleppo'),('DAM', 'SY', 33.4114990234375, 36.51559829711914, 'Damascus International Airport', 'Damascus'),('LTK', 'SY', 35.401100158691406, 35.948699951171875, 'Bassel Al-Assad International Airport', 'Latakia'),('DOH', 'QA', 25.273056, 51.608056, 'Hamad International Airport', 'Doha'),('FAI', 'US', 64.81510162, -147.8560028, 'Fairbanks International Airport', 'Fairbanks'),('ANC', 'US', 61.174400329589844, -149.99600219726562, 'Ted Stevens Anchorage International Airport', 'Anchorage'),('GUM', 'GU', 13.4834003448, 144.796005249, 'Antonio B. Won Pat International Airport', 'Hagåtña, Guam International Airport'),('CGY', 'PH', 8.612203, 124.456496, 'Laguindingan Airport', 'Cagayan de Oro City'),('HNL', 'US', 21.32062, -157.924228, 'Daniel K Inouye International Airport', 'Honolulu'),('KNH', 'TW', 24.4279, 118.359001, 'Kinmen Airport', 'Shang-I'),('KHH', 'TW', 22.57710075378418, 120.3499984741211, 'Kaohsiung International Airport', 'Kaohsiung City'),('TPE', 'TW', 25.0777, 121.233002, 'Taiwan Taoyuan International Airport', 'Taipei'),('NRT', 'JP', 35.764702, 140.386002, 'Narita International Airport', 'Tokyo / Narita'),('KIX', 'JP', 34.42729949951172, 135.24400329589844, 'Kansai International Airport', 'Osaka'),('CTS', 'JP', 42.77519989013672, 141.69200134277344, 'New Chitose Airport', 'Chitose / Tomakomai'),('FUK', 'JP', 33.585899353027344, 130.4510040283203, 'Fukuoka Airport', 'Fukuoka'),('KOJ', 'JP', 31.80340003967285, 130.718994140625, 'Kagoshima Airport', 'Kagoshima'),('NGO', 'JP', 34.8583984375, 136.80499267578125, 'Chubu Centrair International Airport', 'Tokoname'),('FSZ', 'JP', 34.7960434679, 138.18775177, 'Mt. Fuji Shizuoka Airport', 'Makinohara / Shimada'),('ITM', 'JP', 34.785499572753906, 135.43800354003906, 'Osaka International Airport', 'Osaka'),('HND', 'JP', 35.552299, 139.779999, 'Tokyo Haneda International Airport', 'Ota, Tokyo'),('OKO', 'JP', 35.74850082397461, 139.34800720214844, 'Yokota Air Base', 'Fussa'),('MWX', 'KR', 34.991406, 126.382814, 'Muan International Airport', 'Piseo-ri (Muan)'),('KUV', 'KR', 35.90380096435547, 126.61599731445312, 'Kunsan Air Base', 'Kunsan'),('CJU', 'KR', 33.51129913330078, 126.49299621582031, 'Jeju International Airport', 'Jeju City'),('PUS', 'KR', 35.1795005798, 128.93800354, 'Gimhae International Airport', 'Busan'),('ICN', 'KR', 37.46910095214844, 126.45099639892578, 'Incheon International Airport', 'Seoul'),('OSN', 'KR', 37.090599, 127.029999, 'Osan Air Base', ''),('GMP', 'KR', 37.5583, 126.791, 'Gimpo International Airport', 'Seoul'),('CJJ', 'KR', 36.717008, 127.498741, 'Cheongju International Airport/Cheongju Air Base (K-59/G-513)', 'Cheongju'),('OKA', 'JP', 26.1958007812, 127.646003723, 'Naha Airport', 'Naha'),('DNA', 'JP', 26.351667, 127.769444, 'Kadena Air Base', ''),('CRK', 'PH', 15.186, 120.559998, 'Diosdado Macapagal International Airport', 'Mabalacat'),('MNL', 'PH', 14.5086, 121.019997, 'Ninoy Aquino International Airport', 'Manila'),('DVO', 'PH', 7.1255202293396, 125.64600372314453, 'Francisco Bangoy International Airport', 'Davao City'),('CEB', 'PH', 10.307499885559, 123.97899627686, 'Mactan Cebu International Airport', 'Lapu-Lapu City'),('GRV', 'RU', 43.388302, 45.698601, 'Grozny North Airport', 'Grozny'),('EZE', 'AR', -34.8222, -58.5358, 'Ministro Pistarini International Airport', 'Buenos Aires'),('BEL', 'BR', -1.3792500495900002, -48.4762992859, 'Val de Cans/Júlio Cezar Ribeiro International Airport', 'Belém'),('BSB', 'BR', -15.869167, -47.920834, 'Presidente Juscelino Kubitschek International Airport', 'Brasília'),('CNF', 'BR', -19.62444305419922, -43.97194290161133, 'Tancredo Neves International Airport', 'Belo Horizonte'),('CWB', 'BR', -25.5284996033, -49.1758003235, 'Afonso Pena Airport', 'Curitiba'),('MAO', 'BR', -3.03861, -60.049702, 'Eduardo Gomes International Airport', 'Manaus'),('FLN', 'BR', -27.670278549194336, -48.5525016784668, 'Hercílio Luz International Airport', 'Florianópolis'),('GIG', 'BR', -22.8099994659, -43.2505569458, 'Rio Galeão – Tom Jobim International Airport', 'Rio De Janeiro'),('GRU', 'BR', -23.435556411743164, -46.47305679321289, 'Guarulhos - Governador André Franco Montoro International Airport', 'São Paulo'),('NAT', 'BR', -5.768056, -35.376111, 'Governador Aluízio Alves International Airport', 'Natal'),('CGH', 'BR', -23.626110076904297, -46.65638732910156, 'Congonhas Airport', 'São Paulo'),('SSA', 'BR', -12.9086112976, -38.3224983215, 'Deputado Luiz Eduardo Magalhães International Airport', 'Salvador'),('SCL', 'CL', -33.393001556396484, -70.78579711914062, 'Comodoro Arturo Merino Benítez International Airport', 'Santiago'),('LTX', 'EC', -0.906833, -78.615799, 'Cotopaxi International Airport', 'Latacunga'),('UIO', 'EC', -0.129166666667, -78.3575, 'Mariscal Sucre International Airport', 'Quito'),('BOG', 'CO', 4.70159, -74.1469, 'El Dorado International Airport', 'Bogota'),('VVI', 'BO', -17.6448, -63.135399, 'Viru Viru International Airport', 'Santa Cruz'),('LIM', 'PE', -12.0219, -77.114305, 'Jorge Chávez International Airport', 'Lima'),('CUZ', 'PE', -13.535699844400002, -71.9387969971, 'Alejandro Velasco Astete International Airport', 'Cusco'),('MVD', 'UY', -34.838402, -56.0308, 'Carrasco International /General C L Berisso Airport', 'Montevideo'),('BLA', 'VE', 10.111111, -64.692222, 'General José Antonio Anzoategui International Airport', 'Barcelona'),('CCS', 'VE', 10.601194, -66.991222, 'Simón Bolívar International Airport', 'Caracas'),('PTP', 'GP', 16.265301, -61.531799, 'Pointe-à-Pitre Le Raizet', 'Pointe-à-Pitre'),('SJU', 'PR', 18.4393997192, -66.0018005371, 'Luis Munoz Marin International Airport', 'San Juan'),('NBE', 'TN', 36.075833, 10.438611, 'Enfidha - Hammamet International Airport', 'Enfidha'),('SXM', 'SX', 18.041000366200002, -63.1088981628, 'Princess Juliana International Airport', 'Saint Martin'),('ALA', 'KZ', 43.35210037231445, 77.04049682617188, 'Almaty Airport', 'Almaty'),('TSE', 'KZ', 51.02220153808594, 71.46690368652344, 'Astana International Airport', 'Astana'),('FRU', 'KG', 43.0612983704, 74.4776000977, 'Manas International Airport', 'Bishkek'),('KGF', 'KZ', 49.670799255371094, 73.33439636230469, 'Sary-Arka Airport', 'Karaganda'),('GYD', 'AZ', 40.467498779296875, 50.04669952392578, 'Heydar Aliyev International Airport', 'Baku'),('EVN', 'AM', 40.1473007202, 44.3959007263, 'Zvartnots International Airport', 'Yerevan'),('TBS', 'GE', 41.6692008972, 44.95470047, 'Tbilisi International Airport', 'Tbilisi'),('KHV', 'RU', 48.52799987793, 135.18800354004, 'Khabarovsk-Novy Airport', 'Khabarovsk'),('KBP', 'UA', 50.345001220703125, 30.894699096679688, 'Boryspil International Airport', 'Kiev'),('SIP', 'UA', 45.0522, 33.975101, 'Simferopol International Airport', 'Simferopol'),('HRK', 'UA', 49.924800872802734, 36.290000915527344, 'Kharkiv International Airport', 'Kharkiv'),('ODS', 'UA', 46.42679977416992, 30.67650032043457, 'Odessa International Airport', 'Odessa'),('LED', 'RU', 59.80030059814453, 30.262500762939453, 'Pulkovo Airport', 'St. Petersburg'),('MSQ', 'BY', 53.882499694824, 28.030700683594, 'Minsk National Airport', 'Minsk'),('KJA', 'RU', 56.172901, 92.493301, 'Yemelyanovo Airport', 'Krasnoyarsk'),('OVB', 'RU', 55.012599945068, 82.650703430176, 'Tolmachevo Airport', 'Novosibirsk'),('ROV', 'RU', 47.493888, 39.924722, 'Platov International Airport', 'Rostov-on-Don'),('AER', 'RU', 43.449902, 39.9566, 'Sochi International Airport', 'Sochi'),('SVX', 'RU', 56.743099212646, 60.802700042725, 'Koltsovo Airport', 'Yekaterinburg'),('ASB', 'TM', 37.986801, 58.361, 'Ashgabat International Airport', 'Ashgabat'),('TAS', 'UZ', 41.257900238, 69.2811965942, 'Tashkent International Airport', 'Tashkent'),('ZIA', 'RU', 55.553299, 38.150002, 'Zhukovsky International Airport', 'Moscow'),('DME', 'RU', 55.40879821777344, 37.90629959106445, 'Domodedovo International Airport', 'Moscow'),('SVO', 'RU', 55.972599, 37.4146, 'Sheremetyevo International Airport', 'Moscow'),('VKO', 'RU', 55.5914993286, 37.2615013123, 'Vnukovo International Airport', 'Moscow'),('KZN', 'RU', 55.606201171875, 49.278701782227, 'Kazan International Airport', 'Kazan'),('UFA', 'RU', 54.557498931885, 55.874401092529, 'Ufa International Airport', 'Ufa'),('KUF', 'RU', 53.504901885986, 50.16429901123, 'Kurumoch International Airport', 'Samara'),('BOM', 'IN', 19.0886993408, 72.8678970337, 'Chhatrapati Shivaji International Airport', 'Mumbai'),('GOI', 'IN', 15.3808002472, 73.8313980103, 'Dabolim Airport', 'Vasco da Gama'),('CMB', 'LK', 7.180759906768799, 79.88410186767578, 'Bandaranaike International Colombo Airport', 'Colombo'),('HRI', 'LK', 6.284467, 81.124128, 'Mattala Rajapaksa International Airport', ''),('PNH', 'KH', 11.546600341796875, 104.84400177001953, 'Phnom Penh International Airport', 'Phnom Penh'),('REP', 'KH', 13.410699844400002, 103.81300354, 'Siem Reap International Airport', 'Siem Reap'),('CCU', 'IN', 22.654699325561523, 88.44670104980469, 'Netaji Subhash Chandra Bose International Airport', 'Kolkata'),('DAC', 'BD', 23.843347, 90.397783, 'Hazrat Shahjalal International Airport', 'Dhaka'),('HKG', 'HK', 22.308901, 113.915001, 'Hong Kong International Airport', 'Hong Kong'),('ATQ', 'IN', 31.7096004486, 74.7973022461, 'Sri Guru Ram Dass Jee International Airport', 'Amritsar'),('DEL', 'IN', 28.5665, 77.103104, 'Indira Gandhi International Airport', 'New Delhi'),('MFM', 'MO', 22.149599, 113.592003, 'Macau International Airport', 'Macau'),('KTM', 'NP', 27.6966, 85.3591, 'Tribhuvan International Airport', 'Kathmandu'),('BLR', 'IN', 13.1979, 77.706299, 'Kempegowda International Airport', 'Bangalore'),('COK', 'IN', 10.152, 76.401901, 'Cochin International Airport', 'Kochi'),('CCJ', 'IN', 11.1367998123, 75.95529937740001, 'Calicut International Airport', 'Calicut'),('HYD', 'IN', 17.231318, 78.429855, 'Rajiv Gandhi International Airport', 'Hyderabad'),('MAA', 'IN', 12.990005, 80.169296, 'Chennai International Airport', 'Chennai'),('TRV', 'IN', 8.48211956024, 76.9200973511, 'Trivandrum International Airport', 'Thiruvananthapuram'),('MLE', 'MV', 4.191830158233643, 73.52909851074219, 'Malé International Airport', 'Malé'),('DMK', 'TH', 13.9125995636, 100.607002258, 'Don Mueang International Airport', 'Bangkok'),('BKK', 'TH', 13.681099891662598, 100.74700164794922, 'Suvarnabhumi Airport', 'Bangkok'),('CNX', 'TH', 18.766799926799997, 98.962600708, 'Chiang Mai International Airport', 'Chiang Mai'),('HKT', 'TH', 8.1132, 98.316902, 'Phuket International Airport', 'Phuket'),('DAD', 'VN', 16.043899536132812, 108.1989974975586, 'Da Nang International Airport', 'Da Nang'),('HAN', 'VN', 21.221200942993164, 105.80699920654297, 'Noi Bai International Airport', 'Hanoi'),('SGN', 'VN', 10.8187999725, 106.652000427, 'Tan Son Nhat International Airport', 'Ho Chi Minh City'),('MDL', 'MM', 21.702199935913086, 95.97789764404297, 'Mandalay International Airport', 'Mandalay'),('RGN', 'MM', 16.907300949099998, 96.1332015991, 'Yangon International Airport', 'Yangon'),('UPG', 'ID', -5.061629772186279, 119.55400085449219, 'Hasanuddin International Airport', 'Ujung Pandang-Celebes Island'),('DPS', 'ID', -8.7481698989868, 115.16699981689, 'Ngurah Rai (Bali) International Airport', 'Denpasar-Bali Island'),('DJJ', 'ID', -2.5769500733, 140.5160064698, 'Sentani International Airport', 'Jayapura-Papua Island'),('SUB', 'ID', -7.3798298835754395, 112.78700256347656, 'Juanda International Airport', 'Surabaya'),('SOQ', 'ID', -0.894, 131.287, 'Dominique Edward Osok Airport', 'Sorong-Papua Island'),('BWN', 'BN', 4.944200038909912, 114.9280014038086, 'Brunei International Airport', 'Bandar Seri Begawan'),('CGK', 'ID', -6.1255698204, 106.65599823, 'Soekarno-Hatta International Airport', 'Jakarta'),('KNO', 'ID', 3.642222, 98.885278, 'Kualanamu International Airport', ''),('KUL', 'MY', 2.745579957962, 101.70999908447, 'Kuala Lumpur International Airport', 'Kuala Lumpur'),('SIN', 'SG', 1.35019, 103.994003, 'Singapore Changi Airport', 'Singapore'),('BNE', 'AU', -27.384199142456055, 153.11700439453125, 'Brisbane International Airport', 'Brisbane'),('MEL', 'AU', -37.673302, 144.843002, 'Melbourne International Airport', 'Melbourne'),('YNT', 'CN', 37.657222, 120.987222, 'Yantai Penglai International Airport', 'Yantai'),('ADL', 'AU', -34.945, 138.531006, 'Adelaide International Airport', 'Adelaide'),('PER', 'AU', -31.94029998779297, 115.96700286865234, 'Perth International Airport', 'Perth'),('CBR', 'AU', -35.30690002441406, 149.19500732421875, 'Canberra International Airport', 'Canberra'),('SYD', 'AU', -33.94609832763672, 151.177001953125, 'Sydney Kingsford Smith International Airport', 'Sydney'),('PEK', 'CN', 40.080101013183594, 116.58499908447266, 'Beijing Capital International Airport', 'Beijing'),('PKX', 'CN', 39.509945, 116.41092, 'Beijing Daxing International Airport', 'Beijing / Langfang'),('HET', 'CN', 40.851398, 111.823997, 'Baita International Airport', 'Hohhot'),('NAY', 'CN', 39.782798767089844, 116.38800048828125, 'Beijing Nanyuan Airport', 'Beijing'),('TSN', 'CN', 39.124401092499994, 117.346000671, 'Tianjin Binhai International Airport', 'Tianjin'),('TYN', 'CN', 37.74689865112305, 112.62799835205078, 'Taiyuan Wusu Airport', 'Taiyuan'),('CAN', 'CN', 23.39240074157715, 113.29900360107422, 'Guangzhou Baiyun International Airport', 'Guangzhou'),('CSX', 'CN', 28.189199447599997, 113.220001221, 'Changsha Huanghua International Airport', 'Changsha'),('KWL', 'CN', 25.21809959411621, 110.03900146484375, 'Guilin Liangjiang International Airport', 'Guilin City'),('NNG', 'CN', 22.608299255371094, 108.1719970703125, 'Nanning Wuxu Airport', 'Nanning'),('SZX', 'CN', 22.639299392700195, 113.81099700927734, 'Shenzhen Baoan International Airport', 'Shenzhen'),('CGO', 'CN', 34.519699096699995, 113.841003418, 'Zhengzhou Xinzheng International Airport', 'Zhengzhou'),('WUH', 'CN', 30.7838, 114.208, 'Wuhan Tianhe International Airport', 'Wuhan'),('HAK', 'CN', 19.934900283813477, 110.45899963378906, 'Haikou Meilan International Airport', 'Haikou'),('SYX', 'CN', 18.302900314331055, 109.41200256347656, 'Sanya Phoenix International Airport', 'Sanya'),('XIY', 'CN', 34.447102, 108.751999, 'Xian Xianyang International Airport', 'Xian'),('UBN', 'MN', 47.646916, 106.819833, 'Ulaanbaatar International Airport', 'Ulaanbaatar'),('ULN', 'MN', 47.843102, 106.766998, 'Buyant-Ukhaa International Airport', 'Ulan Bator'),('KMG', 'CN', 25.1019444, 102.9291667, 'Kunming Changshui International Airport', 'Kunming'),('XMN', 'CN', 24.54400062561035, 118.12799835205078, 'Xiamen Gaoqi International Airport', 'Xiamen'),('FOC', 'CN', 25.935100555419922, 119.66300201416016, 'Fuzhou Changle International Airport', 'Fuzhou'),('HGH', 'CN', 30.22949981689453, 120.43399810791016, 'Hangzhou Xiaoshan International Airport', 'Hangzhou'),('TNA', 'CN', 36.857200622558594, 117.21600341796875, 'Yaoqiang Airport', 'Jinan'),('NGB', 'CN', 29.82670021057129, 121.46199798583984, 'Ningbo Lishe International Airport', 'Ningbo'),('NKG', 'CN', 31.742000579833984, 118.86199951171875, 'Nanjing Lukou Airport', 'Nanjing'),('PVG', 'CN', 31.143400192260742, 121.80500030517578, 'Shanghai Pudong International Airport', 'Shanghai'),('SHA', 'CN', 31.197900772094727, 121.33599853515625, 'Shanghai Hongqiao International Airport', 'Shanghai'),('WNZ', 'CN', 27.912201, 120.851997, 'Wenzhou Longwan International Airport', 'Wenzhou'),('CKG', 'CN', 29.719200134277344, 106.64199829101562, 'Chongqing Jiangbei International Airport', 'Chongqing'),('KWE', 'CN', 26.53849983215332, 106.8010025024414, 'Longdongbao Airport', 'Guiyang'),('CTU', 'CN', 30.578500747680664, 103.9469985961914, 'Chengdu Shuangliu International Airport', 'Chengdu'),('URC', 'CN', 43.907100677490234, 87.47419738769531, 'Ürümqi Diwopu International Airport', 'Ürümqi'),('HRB', 'CN', 45.6234016418457, 126.25, 'Taiping Airport', 'Harbin'),('DLC', 'CN', 38.9656982421875, 121.53900146484375, 'Zhoushuizi Airport', 'Dalian'),('SHE', 'CN', 41.639801025390625, 123.48300170898438, 'Taoxian Airport', 'Shenyang');
INSERT INTO planetype (id, name) VALUES (0, 'A330-303'),(1, 'A330-203'),(2, '737-800'),(3, '747-400'),(4, '737-700'),(5, '787-9'),(6, '787-10'),(7, '777-200'),(8, '777-300ER'),(9, '737-900'),(10, '747-400F'),(11, '767-300'),(12, '787-8'),(13, '737-8'),(14, 'Airbus Helicopters H135');
INSERT INTO plane (code, type_id) VALUES ('PH-AKA',0),('PH-AKB',0),('PH-AKD',0),('PH-AKE',0),('PH-AKF',0),('PH-AOA',1),('PH-AOB',1),('PH-AOC',1),('PH-AOD',1),('PH-AOE',1),('PH-AOF',1),('PH-AOM',1),('PH-AON',1),('PH-BCA',2),('PH-BCB',2),('PH-BCD',2),('PH-BCE',2),('PH-BCG',2),('PH-BCH',2),('PH-BCK',2),('PH-BCL',2),('PH-BFH',3),('PH-BFT',3),('PH-BFV',3),('PH-BFW',3),('PH-BGA',2),('PH-BGB',2),('PH-BGC',2),('PH-BGF',4),('PH-BGG',4),('PH-BGH',4),('PH-BGI',4),('PH-BGK',4),('PH-BGL',4),('PH-BGM',4),('PH-BGN',4),('PH-BGO',4),('PH-BGP',4),('PH-BGQ',4),('PH-BGR',4),('PH-BGT',4),('PH-BGU',4),('PH-BGW',4),('PH-BGX',4),('PH-BHA',5),('PH-BHC',5),('PH-BHD',5),('PH-BHE',5),('PH-BHF',5),('PH-BHG',5),('PH-BHH',5),('PH-BHI',5),('PH-BHL',5),('PH-BHM',5),('PH-BHN',5),('PH-BHO',5),('PH-BHP',5),('PH-BKA',6),('PH-BKC',6),('PH-BKD',6),('PH-BKF',6),('PH-BKG',6),('PH-BKH',6),('PH-BQA',7),('PH-BQB',7),('PH-BQC',7),('PH-BQD',7),('PH-BQE',7),('PH-BQF',7),('PH-BQG',7),('PH-BQH',7),('PH-BQI',7),('PH-BQK',7),('PH-BQL',7),('PH-BQM',7),('PH-BQN',7),('PH-BQO',7),('PH-BQP',7),('PH-BVA',8),('PH-BVB',8),('PH-BVC',8),('PH-BVD',8),('PH-BVF',8),('PH-BVG',8),('PH-BVI',8),('PH-BVK',8),('PH-BVN',8),('PH-BVO',8),('PH-BVP',8),('PH-BVR',8),('PH-BVS',8),('PH-BVU',8),('PH-BXA',2),('PH-BXB',2),('PH-BXC',2),('PH-BXD',2),('PH-BXE',2),('PH-BXF',2),('PH-BXG',2),('PH-BXH',2),('PH-BXI',2),('PH-BXK',2),('PH-BXL',2),('PH-BXM',2),('PH-BXN',2),('PH-BXO',9),('PH-BXP',9),('PH-BXR',9),('PH-BXS',9),('PH-BXT',9),('PH-BXU',2),('PH-BXV',2),('PH-BXW',2),('PH-BXY',2),('PH-BXZ',2),('PH-CDE',2),('PH-CDF',2),('PH-CDH',2),('PH-CKA',10),('PH-CKB',10),('PH-CKC',10),('PH-GOV',4),('PH-HSA',2),('PH-HSB',2),('PH-HSC',2),('PH-HSD',2),('PH-HSE',2),('PH-HSF',2),('PH-HSG',2),('PH-HSI',2),('PH-HSJ',2),('PH-HSK',2),('PH-HSM',2),('PH-HSW',2),('PH-HXA',2),('PH-HXB',2),('PH-HXC',2),('PH-HXD',2),('PH-HXE',2),('PH-HXF',2),('PH-HXG',2),('PH-HXI',2),('PH-HXJ',2),('PH-HXK',2),('PH-HXL',2),('PH-HXM',2),('PH-HXN',2),('PH-HXO',2),('PH-HZD',2),('PH-HZE',2),('PH-HZG',2),('PH-HZI',2),('PH-HZJ',2),('PH-HZL',2),('PH-HZN',2),('PH-HZO',2),('PH-HZV',2),('PH-HZW',2),('PH-HZX',2),('PH-MPS',3),('PH-OYI',11),('PH-TFA',2),('PH-TFK',12),('PH-TFL',12),('PH-TFM',12),('PH-TFN',13),('PH-TFO',13),('PH-TFP',13),('PH-XRA',4),('PH-XRB',4),('PH-XRC',4),('PH-XRD',4),('PH-XRV',4),('PH-XRX',4),('PH-XRY',4),('PH-LLN',4);
INSERT INTO travel_class(id, max_seats, name, plane_type_id) VALUES (0, 28, 'Business', 0),
                                                                    (1, 269, 'Tweede klasse', 0),
                                                                    (2, 18, 'Business', 1),
                                                                    (3, 36, 'Eco+', 1),
                                                                    (4, 214, 'Tweede klasse', 1),
                                                                    (5, 20, 'Business', 2),
                                                                    (6, 126, 'Tweede klasse', 2),
                                                                    (7, 12, 'Business', 3),
                                                                    (8, 160, 'Economy', 3),
                                                                    (9, 24, 'Business', 4),
                                                                    (10, 245, 'Economy', 4),
                                                                    (11, 7, 'Private', 5),
                                                                    (12, 40, 'Business', 5),
                                                                    (13, 260, 'Economy', 5),
                                                                    (14, 34, 'Business', 6),
                                                                    (15, 280, 'Economy', 6),
                                                                    (16, 360, 'Business', 7),
                                                                    (17, 160, 'Eco+', 7),
                                                                    (18, 25, 'Business Premium', 8),
                                                                    (19, 280, 'Economy', 8),
                                                                    (20, 28, 'Business', 9),
                                                                    (21, 28, 'Economy', 9),
                                                                    (22, 190, 'Tweede klasse', 10),
                                                                    (23, 10, 'Eerste klasse', 10),
                                                                    (24, 28, 'Business', 11),
                                                                    (25, 280, 'Economy', 11),
                                                                    (26, 35, 'Premium', 12),
                                                                    (27, 340, 'Standard', 12),
                                                                    (28, 28, 'Business', 13),
                                                                    (29, 280, 'Economy', 13),
                                                                    (30, 5, 'Traumatic', 14);

INSERT INTO flight_route (id, departure_code, destination_code) VALUES (0, 'SLC', 'PUJ'),
                                                                        (1, 'MCI', 'BCN'),
                                                                        (2, 'PHX', 'JAX'),
                                                                        (3, 'VKO', 'ICN'),
                                                                        (4, 'TIA', 'ANC'),
                                                                        (5, 'KGF', 'VCE'),
                                                                        (6, 'YEG', 'VIE'),
                                                                        (7, 'SZL', 'BOO'),
                                                                        (8, 'MDL', 'ADD'),
                                                                        (9, 'DAM', 'KTW'),
                                                                        (10, 'HKG', 'YOW'),
                                                                        (11, 'BNA', 'BEY'),
                                                                        (12, 'FFO', 'BGW'),
                                                                        (13, 'TSE', 'AKT'),
                                                                        (14, 'SVG', 'CRL'),
                                                                        (15, 'LUX', 'ROB'),
                                                                        (16, 'NBE', 'STR'),
                                                                        (17, 'WRO', 'TOS'),
                                                                        (18, 'BSL', 'JAN'),
                                                                        (19, 'MXP', 'ZIA'),
                                                                        (20, 'HMO', 'TNA'),
                                                                        (21, 'XIY', 'STL'),
                                                                        (22, 'MUC', 'BRE'),
                                                                        (23, 'NCE', 'ZAG'),
                                                                        (24, 'YYT', 'PHF'),
                                                                        (25, 'SCL', 'UBN'),
                                                                        (26, 'MHT', 'GYD'),
                                                                        (27, 'ARN', 'CPH'),
                                                                        (28, 'COK', 'LCA'),
                                                                        (29, 'SAV', 'DAR');

INSERT INTO flight (id, arrival_time, departure_time, plane_code, route_id) VALUES(0, '2020-04-29T20:05:00.000Z', '2020-04-29T20:36:19.000Z', 'PH-BXS', 0),
                                                                                  (1, '2020-12-27T21:27:00.000Z', '2020-12-27T22:46:45.000Z', 'PH-BXE', 1),
                                                                                  (2, '2020-03-16T02:18:00.000Z', '2020-03-16T04:34:46.000Z', 'PH-AOD', 2),
                                                                                  (3, '2020-03-18T07:12:00.000Z', '2020-03-18T09:07:35.000Z', 'PH-HSI', 3),
                                                                                  (4, '2020-10-15T10:39:00.000Z', '2020-10-15T12:37:39.000Z', 'PH-BQH', 4),
                                                                                  (5, '2020-05-11T07:35:00.000Z', '2020-05-11T08:59:07.000Z', 'PH-TFM', 5),
                                                                                  (6, '2020-08-15T08:18:00.000Z', '2020-08-15T09:32:53.000Z', 'PH-BXA', 6),
                                                                                  (7, '2020-02-05T10:08:00.000Z', '2020-02-05T12:19:01.000Z', 'PH-AKB', 7),
                                                                                  (8, '2020-01-29T03:50:00.000Z', '2020-01-29T04:55:01.000Z', 'PH-HXO', 8),
                                                                                  (9, '2020-08-11T11:02:00.000Z', '2020-08-11T12:05:41.000Z', 'PH-TFP', 9),
                                                                                  (10, '2020-10-09T10:02:00.000Z', '2020-10-09T10:54:24.000Z', 'PH-BGI', 10),
                                                                                  (11, '2020-09-17T03:47:00.000Z', '2020-09-17T04:42:56.000Z', 'PH-BFV', 11),
                                                                                  (12, '2020-11-25T22:07:00.000Z', '2020-11-25T23:39:57.000Z', 'PH-BQE', 12),
                                                                                  (13, '2020-04-11T07:46:00.000Z', '2020-04-11T09:47:30.000Z', 'PH-BXN', 13),
                                                                                  (14, '2020-11-21T09:49:00.000Z', '2020-11-21T10:35:54.000Z', 'PH-AKA', 14),
                                                                                  (15, '2020-11-14T04:54:00.000Z', '2020-11-14T06:14:26.000Z', 'PH-BQB', 15),
                                                                                  (16, '2020-07-03T06:54:00.000Z', '2020-07-03T08:45:29.000Z', 'PH-TFA', 16),
                                                                                  (17, '2020-11-19T12:07:00.000Z', '2020-11-19T12:26:57.000Z', 'PH-BGK', 17),
                                                                                  (18, '2020-07-18T14:17:00.000Z', '2020-07-18T14:59:10.000Z', 'PH-BGP', 18),
                                                                                  (19, '2020-03-23T00:30:00.000Z', '2020-03-23T00:47:54.000Z', 'PH-HXL', 19),
                                                                                  (20, '2020-10-15T22:54:00.000Z', '2020-10-15T00:29:12.000Z', 'PH-HXF', 20),
                                                                                  (21, '2020-08-11T23:46:00.000Z', '2020-08-11T01:02:47.000Z', 'PH-GOV', 21),
                                                                                  (22, '2020-06-01T04:06:00.000Z', '2020-06-01T05:46:02.000Z', 'PH-BGW', 22),
                                                                                  (23, '2020-10-18T09:18:00.000Z', '2020-10-18T11:30:33.000Z', 'PH-BFH', 23),
                                                                                  (24, '2020-04-13T23:06:00.000Z', '2020-04-13T23:25:38.000Z', 'PH-AOM', 24),
                                                                                  (25, '2020-01-14T09:36:00.000Z', '2020-01-14T11:25:18.000Z', 'PH-BQO', 25),
                                                                                  (26, '2020-11-10T12:24:00.000Z', '2020-11-10T13:38:56.000Z', 'PH-BFT', 26),
                                                                                  (27, '2020-09-11T03:23:00.000Z', '2020-09-11T04:42:54.000Z', 'PH-BHC', 27),
                                                                                  (28, '2020-09-26T02:45:00.000Z', '2020-09-26T04:38:52.000Z', 'PH-BQI', 28),
                                                                                  (29, '2020-11-07T16:20:00.000Z', '2020-11-07T17:43:59.000Z', 'PH-BGN', 29);

INSERT INTO person (id, birthday, email, first_name, last_name, nationality, phone) VALUES(0, '6/8/1960', 'HajdinVaresko@gustr.com', 'Hajdin', 'Vareško', 'Slovenian', '61 46 68'),
                                                                                          (1, '1/11/1969', 'JiangZhuangZhou@dayrep.com', '莊周', '江', 'Chinese (Traditional)', '(95) 434-861'),
                                                                                          (2, '3/1/1992', 'Corguive@einrot.com', 'Роксана', 'Фокина', 'Russian (Cyrillic)', '22 636762'),
                                                                                          (3, '7/18/1963', 'OsonduagwuikeMadukaego@teleworm.us', 'Osonduagwuike', 'Madukaego', 'Igbo', '87 78 20'),
                                                                                          (4, '8/23/1939', 'QuangGravemaker@gustr.com', 'Quang', 'Gravemaker', 'Dutch', '046 845 9656'),
                                                                                          (5, '8/29/1952', 'FlavioMunguiaOrtiz@rhyta.com', 'Flavio', 'Munguia', 'Hispanic', '04.71.41.90.74'),
                                                                                          (6, '5/19/1947', 'Chikushikuarika@rhyta.com', 'Chikushikuarika', 'Gebebe', 'Ninja', '95 646911'),
                                                                                          (7, '10/19/1962', 'SorenKristiansen@cuvox.de', 'Søren', 'Kristiansen', 'Greenland', '0976-3512678'),
                                                                                          (8, '7/23/1944', 'TanaGhelama@armyspy.com', 'تینا', 'غلامی', 'Persian', '519-993-4005'),
                                                                                          (9, '11/28/1951', 'HazukiSusui@rhyta.com', 'Hazuki', 'Susui', 'Japanese (Anglicized)', '465 0191'),
                                                                                          (10, '5/30/1936', 'CheneyMichel@rhyta.com', 'Cheney', 'Michel', 'French', '0485 55 07 49'),
                                                                                          (11, '11/13/1973', 'TobySanderson@jourrapide.com', 'Toby', 'Sanderson', 'England/Wales', '085 775 1491'),
                                                                                          (12, '7/24/1956', 'ZlataVarga@cuvox.de', 'Zlata', 'Varga', 'Croatian', '760-869-5719'),
                                                                                          (13, '4/10/1957', 'bertje@pampus.nl', 'คฐาวุฒน์', 'สายน้ำผึ้ง', 'Thai', '(98) 4134-4146'),
                                                                                          (14, '9/18/1966', 'TobiasZeeb@jourrapide.com', 'Tobias', 'Zeeb', 'Greenland', '24 826222'),
                                                                                          (15, '6/15/1977', 'KozoFukushima@gustr.com', 'Kozo', 'Fukushima', 'Japanese (Anglicized)', '602 336 470'),
                                                                                          (16, '1/3/1935', 'CalebShea@teleworm.us', 'Caleb', 'Shea', 'Australian', '0681 630 16 36'),
                                                                                          (17, '5/29/1941', 'FlorjanPresl@fleckens.hu', 'Florjan', 'Presl', 'Slovenian', '88 103 96 25'),
                                                                                          (18, '6/25/1987', 'XiuJuanYao@fleckens.hu', 'Xiu Juan', 'Yao', 'Chinese', '88 259 66 18'),
                                                                                          (19, '11/5/1944', 'KaariPihlava@gustr.com', 'Kaari', 'Pihlava', 'Finnish', '0499 28 23 19'),
                                                                                          (20, '3/17/1980', 'ElianaRusso@armyspy.com', 'Eliana', 'Russo', 'Italian', '082 149 8911'),
                                                                                          (21, '9/24/1995', 'SzollosiDaniel@jourrapide.com', 'Dániel', 'Szôllösi', 'Hungarian', '60-98-68-86'),
                                                                                          (22, '3/24/1945', 'MaisieRoberts@superrito.com', 'Maisie', 'Roberts', 'England/Wales', '9649 0788'),
                                                                                          (23, '2/8/1974', 'FifiLaux@rhyta.com', 'Fifi', 'Laux', 'French', '73 952 401'),
                                                                                          (24, '1/31/1972', 'Whatumbigh@dayrep.com', 'Юрий', 'Самойлов', 'Russian (Cyrillic)', '924 66 476'),
                                                                                          (25, '9/7/1981', 'WaycaSaucedaZelaya@gustr.com', 'Wayca', 'Sauceda', 'Hispanic', '21 225 116 0095'),
                                                                                          (26, '7/13/1997', 'ZoeRocheleau@fleckens.hu', 'Zoé', 'Rocheleau', 'French', '0699 145 67 04'),
                                                                                          (27, '2/1/1982', 'AuneSalonen@gustr.com', 'Aune', 'Salonen', 'Finnish', '0388 6224677'),
                                                                                          (28, '4/13/1941', 'MariaLuisaFallaci@cuvox.de', 'Maria Luisa', 'Fallaci', 'Italian', '0388 5555694'),
                                                                                          (29, '4/1/1941', 'LauritsAAndersen@rhyta.com', 'Laurits', 'Andersen', 'Danish', '333 8111');

SELECT setval('hibernate_sequence', 1000, true);
